paper_id,axis,coder_A,coder_B
2,contribution_type,tool,method
225,contribution_type,tool,model
281,contribution_type,metric,tool
304,contribution_type,model,tool
346,contribution_type,method,model
470,contribution_type,tool,method
517,contribution_type,tool,method
523,contribution_type,method,tool
1382,contribution_type,tool,method
1452,contribution_type,tool,method
1461,contribution_type,model,method
1564,contribution_type,model,method
1574,contribution_type,model,method
1581,contribution_type,tool,metric
1610,contribution_type,model,method
1792,contribution_type,model,method
1805,contribution_type,tool,method
1835,contribution_type,tool,metric
1865,contribution_type,tool,method
1885,contribution_type,tool,metric
1948,contribution_type,tool,metric
2352,contribution_type,method,tool
2365,contribution_type,method,tool
2560,contribution_type,method,metric
3165,contribution_type,method,model
3784,contribution_type,method,tool
3799,contribution_type,method,tool
3815,contribution_type,metric,model
3836,contribution_type,method,tool
3932,contribution_type,metric,method
3935,contribution_type,tool,model
4053,contribution_type,metric,tool
4311,contribution_type,method,model
4318,contribution_type,model,metric
4320,contribution_type,metric,model
4660,contribution_type,model,process
5024,contribution_type,model,method
5069,contribution_type,tool,method
5103,contribution_type,method,metric
5214,contribution_type,process,method
5225,contribution_type,method,model
5237,contribution_type,metric,process
5246,contribution_type,model,method
5465,contribution_type,method,model
5489,contribution_type,model,process
5682,contribution_type,tool,method
5860,contribution_type,tool,method
5899,contribution_type,tool,method
5965,contribution_type,method,tool
5971,contribution_type,model,tool
5975,contribution_type,method,tool
5990,contribution_type,tool,method
6093,contribution_type,method,tool
6172,contribution_type,method,tool
6200,contribution_type,tool,method
6242,contribution_type,model,process
6497,contribution_type,tool,metric
6532,contribution_type,tool,model
6816,contribution_type,model,metric
6930,contribution_type,model,process
6937,contribution_type,model,process
6986,contribution_type,method,model
6988,contribution_type,model,tool
7029,contribution_type,model,process
7239,contribution_type,metric,tool
7535,contribution_type,method,tool
7608,contribution_type,model,tool
7649,contribution_type,method,tool
7985,contribution_type,method,tool
8034,contribution_type,method,metric
8344,contribution_type,process,method
8726,contribution_type,process,model
9096,contribution_type,method,tool
9117,contribution_type,tool,method
9429,contribution_type,metric,tool
10096,contribution_type,method,model
10432,contribution_type,model,method
10564,contribution_type,method,process
10565,contribution_type,model,method
10696,contribution_type,tool,method
10782,contribution_type,method,metric
156,evaluation_strategy,case_study,benchmark
271,evaluation_strategy,case_study,benchmark
441,evaluation_strategy,controlled_experiment,benchmark
567,evaluation_strategy,illustrative_example,case_study
690,evaluation_strategy,case_study,controlled_experiment
691,evaluation_strategy,benchmark,controlled_experiment
797,evaluation_strategy,benchmark,controlled_experiment
1021,evaluation_strategy,controlled_experiment,benchmark
1038,evaluation_strategy,case_study,controlled_experiment
1070,evaluation_strategy,controlled_experiment,benchmark
1349,evaluation_strategy,controlled_experiment,benchmark
1615,evaluation_strategy,benchmark,controlled_experiment
2249,evaluation_strategy,illustrative_example,controlled_experiment
3673,evaluation_strategy,controlled_experiment,benchmark
3742,evaluation_strategy,controlled_experiment,benchmark
3879,evaluation_strategy,controlled_experiment,benchmark
3880,evaluation_strategy,controlled_experiment,benchmark
3976,evaluation_strategy,controlled_experiment,benchmark
4324,evaluation_strategy,benchmark,controlled_experiment
4624,evaluation_strategy,controlled_experiment,benchmark
5024,evaluation_strategy,controlled_experiment,benchmark
5275,evaluation_strategy,benchmark,controlled_experiment
5282,evaluation_strategy,controlled_experiment,human_study
5304,evaluation_strategy,controlled_experiment,case_study
5324,evaluation_strategy,benchmark,controlled_experiment
5483,evaluation_strategy,benchmark,controlled_experiment
5682,evaluation_strategy,controlled_experiment,benchmark
5843,evaluation_strategy,controlled_experiment,case_study
5928,evaluation_strategy,controlled_experiment,case_study
6060,evaluation_strategy,controlled_experiment,benchmark
6081,evaluation_strategy,benchmark,none
6498,evaluation_strategy,controlled_experiment,ablation
6559,evaluation_strategy,benchmark,controlled_experiment
6661,evaluation_strategy,illustrative_example,none
6988,evaluation_strategy,benchmark,controlled_experiment
7995,evaluation_strategy,benchmark,ablation
8302,evaluation_strategy,human_study,controlled_experiment
9089,evaluation_strategy,benchmark,illustrative_example
9117,evaluation_strategy,benchmark,illustrative_example
10271,evaluation_strategy,benchmark,controlled_experiment
10564,evaluation_strategy,none,illustrative_example
10781,evaluation_strategy,benchmark,controlled_experiment
14,human_role,fully_autonomous,not_specified
215,human_role,not_specified,fully_autonomous
279,human_role,human_in_the_loop,not_specified
517,human_role,fully_autonomous,not_specified
608,human_role,human_in_the_loop,not_specified
660,human_role,human_in_the_loop,human_on_the_loop
666,human_role,not_specified,fully_autonomous
690,human_role,human_in_the_loop,fully_autonomous
865,human_role,not_specified,fully_autonomous
1044,human_role,human_on_the_loop,fully_autonomous
1458,human_role,human_in_the_loop,fully_autonomous
1723,human_role,not_specified,fully_autonomous
1849,human_role,fully_autonomous,not_specified
1923,human_role,fully_autonomous,not_specified
2249,human_role,not_specified,fully_autonomous
2354,human_role,human_in_the_loop,human_on_the_loop
3744,human_role,not_specified,fully_autonomous
3863,human_role,fully_autonomous,not_specified
3969,human_role,fully_autonomous,not_specified
3987,human_role,fully_autonomous,not_specified
4067,human_role,fully_autonomous,not_specified
4077,human_role,fully_autonomous,not_specified
4079,human_role,fully_autonomous,not_specified
4109,human_role,not_specified,human_on_the_loop
4203,human_role,fully_autonomous,not_specified
4213,human_role,fully_autonomous,not_specified
4286,human_role,human_in_the_loop,human_on_the_loop
4318,human_role,fully_autonomous,not_specified
4347,human_role,fully_autonomous,not_specified
4615,human_role,human_in_the_loop,human_on_the_loop
4714,human_role,not_specified,human_in_the_loop
4746,human_role,not_specified,fully_autonomous
4822,human_role,not_specified,fully_autonomous
4830,human_role,not_specified,human_in_the_loop
4833,human_role,not_specified,fully_autonomous
4836,human_role,not_specified,fully_autonomous
4861,human_role,not_specified,fully_autonomous
4886,human_role,not_specified,fully_autonomous
4916,human_role,not_specified,fully_autonomous
4944,human_role,not_specified,fully_autonomous
4957,human_role,not_specified,fully_autonomous
4960,human_role,not_specified,fully_autonomous
4963,human_role,not_specified,fully_autonomous
4970,human_role,not_specified,fully_autonomous
4971,human_role,not_specified,human_in_the_loop
4974,human_role,not_specified,fully_autonomous
4975,human_role,not_specified,fully_autonomous
4977,human_role,not_specified,fully_autonomous
4978,human_role,not_specified,fully_autonomous
4979,human_role,not_specified,fully_autonomous
5036,human_role,not_specified,fully_autonomous
5081,human_role,human_in_the_loop,not_specified
5465,human_role,not_specified,fully_autonomous
5843,human_role,human_on_the_loop,fully_autonomous
6407,human_role,fully_autonomous,not_specified
6432,human_role,not_specified,fully_autonomous
6459,human_role,not_specified,fully_autonomous
6527,human_role,not_specified,fully_autonomous
6533,human_role,not_specified,fully_autonomous
6547,human_role,not_specified,fully_autonomous
6562,human_role,fully_autonomous,not_specified
6707,human_role,fully_autonomous,not_specified
6790,human_role,fully_autonomous,not_specified
6809,human_role,fully_autonomous,not_specified
6826,human_role,fully_autonomous,not_specified
6830,human_role,fully_autonomous,not_specified
6835,human_role,fully_autonomous,not_specified
6853,human_role,fully_autonomous,not_specified
6859,human_role,fully_autonomous,not_specified
6863,human_role,fully_autonomous,not_specified
6865,human_role,fully_autonomous,not_specified
6920,human_role,not_specified,human_in_the_loop
6925,human_role,fully_autonomous,not_specified
6988,human_role,fully_autonomous,not_specified
7615,human_role,not_specified,fully_autonomous
7616,human_role,not_specified,fully_autonomous
7834,human_role,not_specified,fully_autonomous
8847,human_role,fully_autonomous,not_specified
8916,human_role,not_specified,fully_autonomous
8932,human_role,not_specified,fully_autonomous
9050,human_role,fully_autonomous,not_specified
9089,human_role,not_specified,fully_autonomous
9170,human_role,not_specified,fully_autonomous
9197,human_role,not_specified,fully_autonomous
10271,human_role,not_specified,fully_autonomous
10274,human_role,not_specified,fully_autonomous
10277,human_role,not_specified,fully_autonomous
10432,human_role,not_specified,fully_autonomous
10720,human_role,not_specified,fully_autonomous
10848,human_role,not_specified,fully_autonomous
156,loop_mechanism,budget_and_termination_control,loop_evaluation_and_diagnosis
312,loop_mechanism,loop_evaluation_and_diagnosis,verification_and_gating
472,loop_mechanism,verification_and_gating,loop_evaluation_and_diagnosis
913,loop_mechanism,loop_evaluation_and_diagnosis,memory_and_context_management
1061,loop_mechanism,verification_and_gating,planning_and_control_flow
1116,loop_mechanism,memory_and_context_management,self_evolution
1485,loop_mechanism,verification_and_gating,critique_and_revision
1567,loop_mechanism,planning_and_control_flow,deliberative_search
1723,loop_mechanism,planning_and_control_flow,verification_and_gating
1883,loop_mechanism,verification_and_gating,critique_and_revision
1885,loop_mechanism,verification_and_gating,critique_and_revision
3817,loop_mechanism,verification_and_gating,budget_and_termination_control
3847,loop_mechanism,deliberative_search,planning_and_control_flow
3875,loop_mechanism,budget_and_termination_control,verification_and_gating
3879,loop_mechanism,budget_and_termination_control,deliberative_search
3882,loop_mechanism,deliberative_search,budget_and_termination_control
3885,loop_mechanism,deliberative_search,self_evolution
3935,loop_mechanism,planning_and_control_flow,multi_agent_coordination
3949,loop_mechanism,multi_agent_coordination,deliberative_search
3969,loop_mechanism,budget_and_termination_control,planning_and_control_flow
3987,loop_mechanism,loop_evaluation_and_diagnosis,planning_and_control_flow
4687,loop_mechanism,loop_evaluation_and_diagnosis,memory_and_context_management
5208,loop_mechanism,multi_agent_coordination,budget_and_termination_control
5216,loop_mechanism,multi_agent_coordination,budget_and_termination_control
5338,loop_mechanism,multi_agent_coordination,self_evolution
5773,loop_mechanism,critique_and_revision,verification_and_gating
5863,loop_mechanism,loop_evaluation_and_diagnosis,planning_and_control_flow
5931,loop_mechanism,multi_agent_coordination,planning_and_control_flow
6060,loop_mechanism,planning_and_control_flow,self_evolution
6093,loop_mechanism,planning_and_control_flow,multi_agent_coordination
6468,loop_mechanism,self_evolution,verification_and_gating
6518,loop_mechanism,verification_and_gating,planning_and_control_flow
6520,loop_mechanism,loop_evaluation_and_diagnosis,budget_and_termination_control
6559,loop_mechanism,loop_evaluation_and_diagnosis,memory_and_context_management
6595,loop_mechanism,verification_and_gating,planning_and_control_flow
6888,loop_mechanism,verification_and_gating,loop_evaluation_and_diagnosis
6951,loop_mechanism,critique_and_revision,multi_agent_coordination
6988,loop_mechanism,multi_agent_coordination,loop_evaluation_and_diagnosis
6992,loop_mechanism,verification_and_gating,critique_and_revision
7137,loop_mechanism,deliberative_search,multi_agent_coordination
7863,loop_mechanism,critique_and_revision,deliberative_search
8344,loop_mechanism,loop_evaluation_and_diagnosis,verification_and_gating
8716,loop_mechanism,planning_and_control_flow,critique_and_revision
8739,loop_mechanism,verification_and_gating,multi_agent_coordination
8845,loop_mechanism,multi_agent_coordination,planning_and_control_flow
8932,loop_mechanism,multi_agent_coordination,budget_and_termination_control
9964,loop_mechanism,critique_and_revision,verification_and_gating
10565,loop_mechanism,loop_evaluation_and_diagnosis,critique_and_revision
10712,loop_mechanism,planning_and_control_flow,deliberative_search
10770,loop_mechanism,verification_and_gating,critique_and_revision
10785,loop_mechanism,loop_evaluation_and_diagnosis,self_evolution
567,research_type,solution_proposal,validation_research
714,research_type,solution_proposal,philosophical_paper
6081,research_type,validation_research,solution_proposal
6520,research_type,experience_paper,solution_proposal
6603,research_type,solution_proposal,validation_research
6612,research_type,opinion_paper,philosophical_paper
6634,research_type,evaluation_research,validation_research
6776,research_type,validation_research,solution_proposal
6993,research_type,solution_proposal,philosophical_paper
7029,research_type,philosophical_paper,opinion_paper
8712,research_type,validation_research,experience_paper
8739,research_type,solution_proposal,experience_paper
8746,research_type,solution_proposal,experience_paper
9089,research_type,validation_research,solution_proposal
9117,research_type,validation_research,solution_proposal
571,venue_type,preprint,conference
971,venue_type,preprint,conference
973,venue_type,preprint,conference
988,venue_type,preprint,conference
1004,venue_type,preprint,conference
1043,venue_type,preprint,conference
1054,venue_type,preprint,conference
1341,venue_type,conference,preprint
1343,venue_type,conference,preprint
1351,venue_type,conference,preprint
1762,venue_type,conference,preprint
1835,venue_type,conference,preprint
1840,venue_type,preprint,conference
1865,venue_type,preprint,conference
1870,venue_type,preprint,conference
1885,venue_type,preprint,conference
1894,venue_type,preprint,conference
1902,venue_type,preprint,conference
1918,venue_type,preprint,conference
2289,venue_type,preprint,conference
2295,venue_type,preprint,conference
2300,venue_type,preprint,conference
2365,venue_type,preprint,conference
3019,venue_type,preprint,conference
3058,venue_type,preprint,conference
3157,venue_type,preprint,conference
7430,venue_type,journal,preprint
